<!-- [ Mirror metadata ] generatedAt: 1475673690371 -->
<!-- Generated screen file. Fill the id tags below with content with
which to populate your previewed layout. For a complete specification
of sample data, please see http://jimulabs.com/sample-data-specifications/ 

Valid attributes on <screen> tag: theme="@style/someTheme" inEditMode="false" overlay="@drawable/mockup" -->
<screen>
    <_content layout="@layout/activity_register">
        <!-- ImageView Examples:
        <mqimage src="@drawable/image_resource" />
        <mqimage src="relative_path/image.jpg" /> -->
        <mqimage />
        <!-- TextView Examples:
        <logintitle text="@string/string_resource" />
        <logintitle text="Text literal" textSize="14sp" /> -->
        <logintitle />
        <gender />
    </_content>
</screen>
