<!-- [ Mirror metadata ] generatedAt: 1475673691160 -->
<!-- Generated screen file. Fill the id tags below with content with
which to populate your previewed layout. For a complete specification
of sample data, please see http://jimulabs.com/sample-data-specifications/ 

Valid attributes on <screen> tag: theme="@style/someTheme" inEditMode="false" overlay="@drawable/mockup" -->
<screen>
    <_content layout="@layout/assets_liabilities">
        <!-- TextView Examples:
        <textView text="@string/string_resource" />
        <textView text="Text literal" textSize="14sp" /> -->
        <textView />
        <textView2 />
        <categoryframe>
            <!-- Replace this FrameLayout with a fragment like so:
            <_content layout="@layout/my_fragment_layout">
                <my_text_view>TextView in fragment</my_text_view>
            </_content>
            -->
        </categoryframe>
        <bottompager>
            <!-- Add pages to your ViewPager here like so:
            <_page title="page title" icon="@drawable/my_icon"/>
            <_page layout="@layout/my_page_layout">
                <my_image_view src="@drawable/my_image"/>
            </_page>
            -->
        </bottompager>
    </_content>
</screen>
