<!-- [ Mirror metadata ] generatedAt: 1475673691146 -->
<!-- Generated screen file. Fill the id tags below with content with
which to populate your previewed layout. For a complete specification
of sample data, please see http://jimulabs.com/sample-data-specifications/ 

Valid attributes on <screen> tag: theme="@style/someTheme" inEditMode="false" overlay="@drawable/mockup" -->
<screen>
    <_content layout="@layout/fragment_money_inflow">
        <!-- TextView Examples:
        <sourceIncomeTextView text="@string/string_resource" />
        <sourceIncomeTextView text="Text literal" textSize="14sp" /> -->
        <sourceIncomeTextView />
        <!-- ImageView Examples:
        <salaried src="@drawable/image_resource" />
        <salaried src="relative_path/image.jpg" /> -->
        <salaried />
        <businessincome />
        <rentalincome />
        <pocketmoney />
        <pension />
        <bonus />
        <commission />
    </_content>
</screen>
