<!-- [ Mirror metadata ] generatedAt: 1475673690316 -->
<!-- Generated screen file. Fill the id tags below with content with
which to populate your previewed layout. For a complete specification
of sample data, please see http://jimulabs.com/sample-data-specifications/ 

Valid attributes on <screen> tag: theme="@style/someTheme" inEditMode="false" overlay="@drawable/mockup" -->
<screen>
    <_content layout="@layout/fragment_money_outflow_page2">
        <!-- ImageView Examples:
        <diningout src="@drawable/image_resource" />
        <diningout src="relative_path/image.jpg" /> -->
        <diningout />
        <transport />
        <clothings />
        <education />
        <maintenance />
        <miscellaneous />
    </_content>
</screen>
