<!-- [ Mirror metadata ] generatedAt: 1475673691081 -->
<!-- Generated screen file. Fill the id tags below with content with
which to populate your previewed layout. For a complete specification
of sample data, please see http://jimulabs.com/sample-data-specifications/ 

Valid attributes on <screen> tag: theme="@style/someTheme" inEditMode="false" overlay="@drawable/mockup" -->
<screen>
    <_content layout="@layout/fragment_emi">
        <!-- ImageView Examples:
        <cashInflowSalLab191 src="@drawable/image_resource" />
        <cashInflowSalLab191 src="relative_path/image.jpg" /> -->
        <cashInflowSalLab191 />
        <cashInflowSalLab1391 />
        <cashInflowSalLab1 />
        <cashInflowSalLab21 />
        <cashInflowSalLab212 />
    </_content>
</screen>
