<!-- [ Mirror metadata ] generatedAt: 1475673690217 -->
<!-- Generated screen file. Fill the id tags below with content with
which to populate your previewed layout. For a complete specification
of sample data, please see http://jimulabs.com/sample-data-specifications/ 

Valid attributes on <screen> tag: theme="@style/someTheme" inEditMode="false" overlay="@drawable/mockup" -->
<screen>
    <_content layout="@layout/fragment_money_outflow_page1">
        <!-- ImageView Examples:
        <emi src="@drawable/image_resource" />
        <emi src="relative_path/image.jpg" /> -->
        <emi />
        <utilitybills />
        <houserent />
        <insurance />
        <sip />
        <groceries />
        <medicals />
        <entertainment />
    </_content>
</screen>
