<!-- [ Mirror metadata ] generatedAt: 1475673691063 -->
<!-- Generated screen file. Fill the id tags below with content with
which to populate your previewed layout. For a complete specification
of sample data, please see http://jimulabs.com/sample-data-specifications/ 

Valid attributes on <screen> tag: theme="@style/someTheme" inEditMode="false" overlay="@drawable/mockup" -->
<screen>
    <_content layout="@layout/fragment_liabilites">
        <!-- TextView Examples:
        <sourceIncomeTextView text="@string/string_resource" />
        <sourceIncomeTextView text="Text literal" textSize="14sp" /> -->
        <sourceIncomeTextView />
        <!-- ImageView Examples:
        <homeloan src="@drawable/image_resource" />
        <homeloan src="relative_path/image.jpg" /> -->
        <homeloan />
        <educationloan />
        <personalloan />
        <autoloan />
        <others1 />
    </_content>
</screen>
